{
    "identityPoolName": "irrigationui8f76a77f_identitypool_8f76a77f",
    "allowUnauthenticatedIdentities": false,
    "lambdaLogPolicy": "irriga_8f76a77f_lambda_log_policy",
    "openIdLambdaRoleName": "irriga_8f76a77f_openid_lambda_role",
    "openIdRolePolicy": "irriga_8f76a77f_openid_pass_role_policy",
    "openIdLambdaIAMPolicy": "irriga_8f76a77f_openid_lambda_iam_policy",
    "openIdLogPolicy": "irriga_8f76a77f_openid_lambda_log_policy",
    "userPoolName": "irrigationui8f76a77f_userpool_8f76a77f",
    "autoVerifiedAttributes": [
        "email"
    ],
    "mfaConfiguration": "OFF",
    "mfaTypes": [
        "SMS Text Message"
    ],
    "roleName": "irriga8f76a77f_sns-role",
    "roleExternalId": "irriga8f76a77f_role_external_id",
    "policyName": "irriga8f76a77f-sns-policy",
    "smsAuthenticationMessage": "Your authentication code is {####}",
    "smsVerificationMessage": "Your verification code is {####}",
    "emailVerificationSubject": "Your verification code",
    "emailVerificationMessage": "Your verification code is {####}",
    "defaultPasswordPolicy": false,
    "passwordPolicyMinLength": 8,
    "passwordPolicyCharacters": [],
    "requiredAttributes": [
        "email"
    ],
    "userpoolClientName": "irriga8f76a77f_app_client",
    "userpoolClientGenerateSecret": true,
    "userpoolClientRefreshTokenValidity": 30,
    "userpoolClientWriteAttributes": [
        "email"
    ],
    "userpoolClientReadAttributes": [
        "email"
    ],
    "mfaLambdaRole": "irriga8f76a77f_totp_lambda_role",
    "mfaLambdaLogPolicy": "irriga8f76a77f_totp_lambda_log_policy",
    "mfaPassRolePolicy": "irriga8f76a77f_totp_pass_role_policy",
    "mfaLambdaIAMPolicy": "irriga8f76a77f_totp_lambda_iam_policy",
    "userpoolClientLambdaRole": "irriga8f76a77f_userpoolclient_lambda_role",
    "userpoolClientLogPolicy": "irriga8f76a77f_userpoolclient_lambda_log_policy",
    "userpoolClientLambdaPolicy": "irriga8f76a77f_userpoolclient_lambda_iam_policy",
    "userpoolClientSetAttributes": false,
    "resourceName": "irrigationui8f76a77f",
    "authSelections": "identityPoolAndUserPool",
    "authRoleName": {
        "Ref": "AuthRoleName"
    },
    "unauthRoleName": {
        "Ref": "UnauthRoleName"
    },
    "authRoleArn": {
        "Fn::GetAtt": [
            "AuthRole",
            "Arn"
        ]
    },
    "unauthRoleArn": {
        "Fn::GetAtt": [
            "UnauthRole",
            "Arn"
        ]
    },
    "useDefault": "defaultSocial",
    "hostedUI": true,
    "usernameAttributes": [
        "email"
    ],
    "hostedUIDomainName": "googleauth",
    "authProvidersUserPool": [],
    "hostedUIProviderMeta": "[]",
    "oAuthMetadata": "{\"AllowedOAuthFlows\":[\"code\"],\"AllowedOAuthScopes\":[\"phone\",\"email\",\"openid\",\"profile\",\"aws.cognito.signin.user.admin\"],\"CallbackURLs\":[\"https://izij22fv74.execute-api.eu-central-1.amazonaws.com/production/\"],\"LogoutURLs\":[\"https://www.google.hu/\"]}"
}