{
    "AWSTemplateFormatVersion": "2010-09-09",
    "Description": "Lambda resource stack creation using Amplify CLI",
    "Parameters": {
        "env": {
            "Type": "String"
        },
    
    
    
        "storagezonesName": {
            "Type": "String",
            "Default": "storagezonesName"
            },
        
        "storagezonesArn": {
            "Type": "String",
            "Default": "storagezonesArn"
            }
        
        
    
    },
    "Conditions": {
        "ShouldNotCreateEnvResources": {
            "Fn::Equals": [
                {
                    "Ref": "env"
                },
                "NONE"
            ]
        }
    },
    "Resources": {
        "LambdaFunction": {
          "Type": "AWS::Lambda::Function",
          "Metadata": {
            "aws:asset:path": "./src",
            "aws:asset:property": "Code"
          },
          "Properties": {
            "Handler": "index.handler",
            "FunctionName": {
                "Fn::If": [
                    "ShouldNotCreateEnvResources",
                    "zonelambda", 
                    {

                        "Fn::Join": [
                            "",
                            [
                                "zonelambda",
                                "-",
                                {
                                    "Ref": "env"
                                }
                            ]
                        ]
                    }      
                ]
            },
            "Environment": {"Variables" : { "ENV": {"Ref": "env"}, "REGION": { "Ref": "AWS::Region"}}},
            "Role": { "Fn::GetAtt" : ["LambdaExecutionRole", "Arn"] },
            "Runtime": "nodejs8.10",
            "Timeout": "25"
          }
        },
        "LambdaExecutionRole": {
            "Type": "AWS::IAM::Role",
            "Properties": {
                "RoleName": {
                    "Fn::If": [
                        "ShouldNotCreateEnvResources",
                        "irrigationuiLambdaRole586297bf", 
                        {

                            "Fn::Join": [
                                "",
                                [
                                    "irrigationuiLambdaRole586297bf",
                                    "-",
                                    {
                                        "Ref": "env"
                                    }
                                ]
                            ]
                        } 
                    ]
                },
                "AssumeRolePolicyDocument": {
                    "Version": "2012-10-17",
                    "Statement": [
                        {
                            "Effect": "Allow",
                            "Principal": {
                                "Service": [
                                    "lambda.amazonaws.com"
                                ]
                            },
                            "Action": [
                                "sts:AssumeRole"
                            ]
                        }
                    ]
                }
            }
        }
        ,"lambdaexecutionpolicy": {
            "DependsOn": ["LambdaExecutionRole"],
            "Type": "AWS::IAM::Policy",
            "Properties": {
                "PolicyName": "lambda-execution-policy",
                "Roles": [{ "Ref": "LambdaExecutionRole" }],
                "PolicyDocument": {
                    "Version": "2012-10-17",
                    "Statement": [
                        {
                            "Effect": "Allow",
                            "Action":["logs:CreateLogGroup",
                            "logs:CreateLogStream",
                            "logs:PutLogEvents"],
                            "Resource": { "Fn::Sub" : [ "arn:aws:logs:${region}:${account}:log-group:/aws/lambda/${lambda}:log-stream:*", { "region": {"Ref": "AWS::Region"},  "account": {"Ref": "AWS::AccountId"}, "lambda": {"Ref": "LambdaFunction"}} ]}
                        },
                        {
                            "Effect": "Allow", 
                            "Action": ["dynamodb:GetItem","dynamodb:Query","dynamodb:Scan","dynamodb:PutItem","dynamodb:UpdateItem","dynamodb:DeleteItem"],
                            "Resource": [
                            
                                { "Ref": "storagezonesArn" }
                            
                            ]
                        }
                        
                    ]
                }
            }
        }
    },
    "Outputs": {
        "Name": {
            "Value": {
                "Ref": "LambdaFunction"
            }
        },
        "Arn": {
            "Value": {"Fn::GetAtt": ["LambdaFunction", "Arn"]}
        },
        "Region": {
            "Value": {
                "Ref": "AWS::Region"
            }
        }
    }
}