{
    "prod": {
        "awscloudformation": {
            "AuthRoleName": "irrigation-ui-prod-20190621115852-authRole",
            "UnauthRoleArn": "arn:aws:iam::981419062120:role/irrigation-ui-prod-20190621115852-unauthRole",
            "AuthRoleArn": "arn:aws:iam::981419062120:role/irrigation-ui-prod-20190621115852-authRole",
            "Region": "eu-central-1",
            "DeploymentBucketName": "irrigation-ui-prod-20190621115852-deployment",
            "UnauthRoleName": "irrigation-ui-prod-20190621115852-unauthRole",
            "StackName": "irrigation-ui-prod-20190621115852",
            "StackId": "arn:aws:cloudformation:eu-central-1:981419062120:stack/irrigation-ui-prod-20190621115852/2d3219c0-940b-11e9-9b5b-02d441bc2b52"
        },
        "categories": {
            "auth": {
                "irrigationui8f76a77f": {
                    "hostedUIProviderCreds": "[]"
                }
            }
        }
    }
}