{
	"providers": {
		"awscloudformation": {
			"AuthRoleName": "irrigation-ui-prod-20190621115852-authRole",
			"UnauthRoleArn": "arn:aws:iam::981419062120:role/irrigation-ui-prod-20190621115852-unauthRole",
			"AuthRoleArn": "arn:aws:iam::981419062120:role/irrigation-ui-prod-20190621115852-authRole",
			"Region": "eu-central-1",
			"DeploymentBucketName": "irrigation-ui-prod-20190621115852-deployment",
			"UnauthRoleName": "irrigation-ui-prod-20190621115852-unauthRole",
			"StackName": "irrigation-ui-prod-20190621115852",
			"StackId": "arn:aws:cloudformation:eu-central-1:981419062120:stack/irrigation-ui-prod-20190621115852/2d3219c0-940b-11e9-9b5b-02d441bc2b52"
		}
	},
	"auth": {
		"irrigationui8f76a77f": {
			"service": "Cognito",
			"providerPlugin": "awscloudformation",
			"providerMetadata": {
				"s3TemplateURL": "https://s3.amazonaws.com/irrigation-ui-prod-20190621115852-deployment/amplify-cfn-templates/auth/irrigationui8f76a77f-cloudformation-template.yml",
				"logicalId": "authirrigationui8f76a77f"
			},
			"lastPushTimeStamp": "2019-06-21T10:56:33.527Z",
			"output": {
				"AppClientSecret": "1i45c10aipiqqopcmrc2ug8anhm9nhitgmj60uf1qjiv8sp90ad7",
				"UserPoolId": "eu-central-1_DwHSkS108",
				"AppClientIDWeb": "i3h7jdhv2a68nc1c8qmodl9as",
				"AppClientID": "73gh2g58oticr5puglbll9v9k7",
				"HostedUIDomain": "googleauth-prod",
				"IdentityPoolId": "eu-central-1:733669e3-a950-4397-a2ca-85cbd54daba0",
				"IdentityPoolName": "irrigationui8f76a77f_identitypool_8f76a77f__prod",
				"OAuthMetadata": "{\"AllowedOAuthFlows\":[\"code\"],\"AllowedOAuthScopes\":[\"phone\",\"email\",\"openid\",\"profile\",\"aws.cognito.signin.user.admin\"],\"CallbackURLs\":[\"https://izij22fv74.execute-api.eu-central-1.amazonaws.com/production/\"],\"LogoutURLs\":[\"https://www.google.hu/\"]}",
				"UserPoolName": "irrigationui8f76a77f_userpool_8f76a77f"
			},
			"lastPushDirHash": "n0SbEbLXqD1+O9f4GCQyAHo5GEw="
		}
	},
	"storage": {
		"zones": {
			"service": "DynamoDB",
			"providerPlugin": "awscloudformation",
			"providerMetadata": {
				"s3TemplateURL": "https://s3.amazonaws.com/irrigation-ui-prod-20190621115852-deployment/amplify-cfn-templates/storage/zones-cloudformation-template.json",
				"logicalId": "storagezones"
			},
			"lastPushTimeStamp": "2019-06-21T10:56:33.527Z",
			"output": {
				"PartitionKeyName": "id",
				"Region": "eu-central-1",
				"Arn": "arn:aws:dynamodb:eu-central-1:981419062120:table/zones-prod",
				"PartitionKeyType": "S",
				"Name": "zones-prod"
			},
			"lastPushDirHash": "M+jx7YArVcgQ41UBtaJ9FhewLp0="
		}
	},
	"function": {
		"zonelambda": {
			"service": "Lambda",
			"providerPlugin": "awscloudformation",
			"build": true,
			"dependsOn": [
				{
					"category": "storage",
					"resourceName": "zones",
					"attributes": [
						"Name",
						"Arn"
					]
				}
			],
			"lastBuildTimeStamp": "2019-06-21T10:53:56.794Z",
			"lastPackageTimeStamp": "2019-06-21T10:53:59.557Z",
			"distZipFilename": "zonelambda-1561114436-latest-build.zip",
			"providerMetadata": {
				"s3TemplateURL": "https://s3.amazonaws.com/irrigation-ui-prod-20190621115852-deployment/amplify-cfn-templates/function/zonelambda-cloudformation-template.json",
				"logicalId": "functionzonelambda"
			},
			"lastPushTimeStamp": "2019-06-21T10:56:33.527Z",
			"output": {
				"Region": "eu-central-1",
				"Arn": "arn:aws:lambda:eu-central-1:981419062120:function:zonelambda-prod",
				"Name": "zonelambda-prod"
			},
			"lastPushDirHash": "DCFp81fQGK7AAX+zakqiCCsZKok="
		}
	},
	"api": {
		"irrigation": {
			"service": "API Gateway",
			"providerPlugin": "awscloudformation",
			"dependsOn": [
				{
					"category": "function",
					"resourceName": "zonelambda",
					"attributes": [
						"Name",
						"Arn"
					]
				}
			],
			"providerMetadata": {
				"s3TemplateURL": "https://s3.amazonaws.com/irrigation-ui-prod-20190621115852-deployment/amplify-cfn-templates/api/irrigation-cloudformation-template.json",
				"logicalId": "apiirrigation"
			},
			"lastPushTimeStamp": "2019-06-21T10:56:33.527Z",
			"output": {
				"ApiName": "irrigation",
				"RootUrl": "https://qyngrpjlz0.execute-api.eu-central-1.amazonaws.com/prod"
			},
			"lastPushDirHash": "HzLOHQa7XszJB6MaJR/1YC23oGw="
		}
	},
	"hosting": {
		"S3AndCloudFront": {
			"service": "S3AndCloudFront",
			"providerPlugin": "awscloudformation",
			"providerMetadata": {
				"s3TemplateURL": "https://s3.amazonaws.com/irrigation-ui-prod-20190621115852-deployment/amplify-cfn-templates/hosting/template.json",
				"logicalId": "hostingS3AndCloudFront"
			},
			"lastPushTimeStamp": "2019-06-21T10:56:33.527Z",
			"output": {
				"S3BucketSecureURL": "https://irrigation-ui-20190621125309-hostingbucket-prod.s3.amazonaws.com",
				"WebsiteURL": "http://irrigation-ui-20190621125309-hostingbucket-prod.s3-website.eu-central-1.amazonaws.com",
				"Region": "eu-central-1",
				"HostingBucketName": "irrigation-ui-20190621125309-hostingbucket-prod"
			},
			"lastPushDirHash": "JjSH651MZNg6me8rwhFCDMPlL08="
		}
	}
}