{
	"auth": {
		"irrigationui8f76a77f": {
			"service": "Cognito",
			"providerPlugin": "awscloudformation"
		}
	},
	"storage": {
		"zones": {
			"service": "DynamoDB",
			"providerPlugin": "awscloudformation"
		}
	},
	"function": {
		"zonelambda": {
			"service": "Lambda",
			"providerPlugin": "awscloudformation",
			"build": true,
			"dependsOn": [
				{
					"category": "storage",
					"resourceName": "zones",
					"attributes": [
						"Name",
						"Arn"
					]
				}
			]
		}
	},
	"api": {
		"irrigation": {
			"service": "API Gateway",
			"providerPlugin": "awscloudformation",
			"dependsOn": [
				{
					"category": "function",
					"resourceName": "zonelambda",
					"attributes": [
						"Name",
						"Arn"
					]
				}
			]
		}
	},
	"hosting": {
		"S3AndCloudFront": {
			"service": "S3AndCloudFront",
			"providerPlugin": "awscloudformation"
		}
	}
}